{"text": " Sale el sol y con \u00e9l un sinf\u00edn de oportunidades. Todos tenemos sue\u00f1os que cumplir, ideas que desarrollar, problemas que superar. Pero el reloj no se detiene. Amanece un nuevo d\u00eda y tenemos la oportunidad de elegir qu\u00e9 hacer con el tiempo que se nos ha dado. \u00bfSeguir dando vueltas en el mismo c\u00edrculo? \u00bfO empezar a ver las cosas de un modo diferente? Es que eres demasiado joven, no cumples con las condiciones. Esto no es para ti. Usa toda esa negatividad y convi\u00e9rtela en combustible. T\u00fa eres el protagonista de tu vida. No dejes que otros te digan qu\u00e9 puedes y qu\u00e9 no puedes hacer. Marca objetivos, sup\u00e9rate, cae y lev\u00e1ntate. Recuerda que los \u00fanicos muros que te detienen son los que t\u00fa mismo construyes. Llena de alegr\u00eda al ni\u00f1o que fuiste y de paz al abuelo que ser\u00e1s ma\u00f1ana. Y sobre todo, convi\u00e9rtete en un ejemplo de vida para aquellos que te rodean. \u00bfSabes qu\u00e9? Hoy es un buen d\u00eda. \u00bfEmpezamos?", "segments": [{"id": 0, "seek": 0, "start": 0.22, "end": 3.86, "text": " Sale el sol y con \u00e9l un sinf\u00edn de oportunidades.", "tokens": [50376, 48922, 806, 1404, 288, 416, 11810, 517, 3343, 69, 10973, 368, 24237, 10284, 13, 50558], "temperature": 0.0, "avg_logprob": -0.10259372769421293, "compression_ratio": 1.5642857142857143, "no_speech_prob": 0.010153500363230705}, {"id": 1, "seek": 0, "start": 4.6000000000000005, "end": 9.48, "text": " Todos tenemos sue\u00f1os que cumplir, ideas que desarrollar, problemas que superar.", "tokens": [50595, 35447, 9914, 20416, 8242, 631, 37483, 347, 11, 3487, 631, 32501, 289, 11, 20720, 631, 1687, 289, 13, 50839], "temperature": 0.0, "avg_logprob": -0.10259372769421293, "compression_ratio": 1.5642857142857143, "no_speech_prob": 0.010153500363230705}, {"id": 2, "seek": 0, "start": 9.76, "end": 11.42, "text": " Pero el reloj no se detiene.", "tokens": [50853, 9377, 806, 319, 752, 73, 572, 369, 1141, 10174, 13, 50936], "temperature": 0.0, "avg_logprob": -0.10259372769421293, "compression_ratio": 1.5642857142857143, "no_speech_prob": 0.010153500363230705}, {"id": 3, "seek": 0, "start": 11.98, "end": 16.92, "text": " Amanece un nuevo d\u00eda y tenemos la oportunidad de elegir qu\u00e9 hacer con el tiempo que se nos ha dado.", "tokens": [50964, 35466, 68, 384, 517, 18591, 12271, 288, 9914, 635, 42794, 368, 14459, 347, 8057, 6720, 416, 806, 11772, 631, 369, 3269, 324, 29568, 13, 51211], "temperature": 0.0, "avg_logprob": -0.10259372769421293, "compression_ratio": 1.5642857142857143, "no_speech_prob": 0.010153500363230705}, {"id": 4, "seek": 0, "start": 17.32, "end": 19.580000000000002, "text": " \u00bfSeguir dando vueltas en el mismo c\u00edrculo?", "tokens": [51231, 3841, 50, 1146, 34498, 29854, 9732, 2018, 296, 465, 806, 12461, 269, 31338, 25436, 30, 51344], "temperature": 0.0, "avg_logprob": -0.10259372769421293, "compression_ratio": 1.5642857142857143, "no_speech_prob": 0.010153500363230705}, {"id": 5, "seek": 0, "start": 19.88, "end": 22.54, "text": " \u00bfO empezar a ver las cosas de un modo diferente?", "tokens": [51359, 3841, 46, 31168, 257, 1306, 2439, 12218, 368, 517, 16664, 20973, 30, 51492], "temperature": 0.0, "avg_logprob": -0.10259372769421293, "compression_ratio": 1.5642857142857143, "no_speech_prob": 0.010153500363230705}, {"id": 6, "seek": 0, "start": 23.14, "end": 26.52, "text": " Es que eres demasiado joven, no cumples con las condiciones.", "tokens": [51522, 2313, 631, 30065, 39820, 1488, 553, 11, 572, 12713, 2622, 416, 2439, 45960, 13, 51691], "temperature": 0.0, "avg_logprob": -0.10259372769421293, "compression_ratio": 1.5642857142857143, "no_speech_prob": 0.010153500363230705}, {"id": 7, "seek": 0, "start": 27.060000000000002, "end": 28.36, "text": " Esto no es para ti.", "tokens": [51718, 20880, 572, 785, 1690, 8757, 13, 51783], "temperature": 0.0, "avg_logprob": -0.10259372769421293, "compression_ratio": 1.5642857142857143, "no_speech_prob": 0.010153500363230705}, {"id": 8, "seek": 2836, "start": 28.36, "end": 32.44, "text": " Usa toda esa negatividad y convi\u00e9rtela en combustible.", "tokens": [50365, 4958, 64, 11687, 11342, 2485, 267, 33490, 288, 3754, 72, 33672, 4053, 465, 21161, 964, 13, 50569], "temperature": 0.0, "avg_logprob": -0.09610010693956922, "compression_ratio": 1.5374149659863945, "no_speech_prob": 0.00021651742281392217}, {"id": 9, "seek": 2836, "start": 32.9, "end": 34.8, "text": " T\u00fa eres el protagonista de tu vida.", "tokens": [50592, 46341, 30065, 806, 17232, 5236, 368, 2604, 7644, 13, 50687], "temperature": 0.0, "avg_logprob": -0.09610010693956922, "compression_ratio": 1.5374149659863945, "no_speech_prob": 0.00021651742281392217}, {"id": 10, "seek": 2836, "start": 35.12, "end": 38.26, "text": " No dejes que otros te digan qu\u00e9 puedes y qu\u00e9 no puedes hacer.", "tokens": [50703, 883, 368, 16549, 631, 16422, 535, 2528, 282, 8057, 19010, 288, 8057, 572, 19010, 6720, 13, 50860], "temperature": 0.0, "avg_logprob": -0.09610010693956922, "compression_ratio": 1.5374149659863945, "no_speech_prob": 0.00021651742281392217}, {"id": 11, "seek": 2836, "start": 38.84, "end": 42.4, "text": " Marca objetivos, sup\u00e9rate, cae y lev\u00e1ntate.", "tokens": [50889, 2039, 496, 14964, 16501, 11, 9331, 4198, 473, 11, 1335, 68, 288, 20445, 27525, 473, 13, 51067], "temperature": 0.0, "avg_logprob": -0.09610010693956922, "compression_ratio": 1.5374149659863945, "no_speech_prob": 0.00021651742281392217}, {"id": 12, "seek": 2836, "start": 42.96, "end": 47.28, "text": " Recuerda que los \u00fanicos muros que te detienen son los que t\u00fa mismo construyes.", "tokens": [51095, 9647, 5486, 2675, 631, 1750, 6991, 48674, 5257, 329, 631, 535, 1141, 22461, 1872, 1750, 631, 15056, 12461, 12946, 2346, 13, 51311], "temperature": 0.0, "avg_logprob": -0.09610010693956922, "compression_ratio": 1.5374149659863945, "no_speech_prob": 0.00021651742281392217}, {"id": 13, "seek": 2836, "start": 48.019999999999996, "end": 52.08, "text": " Llena de alegr\u00eda al ni\u00f1o que fuiste y de paz al abuelo que ser\u00e1s ma\u00f1ana.", "tokens": [51348, 32717, 4118, 368, 6775, 861, 2686, 419, 42307, 631, 8536, 8375, 288, 368, 30032, 419, 410, 3483, 78, 631, 816, 2490, 33573, 13, 51551], "temperature": 0.0, "avg_logprob": -0.09610010693956922, "compression_ratio": 1.5374149659863945, "no_speech_prob": 0.00021651742281392217}, {"id": 14, "seek": 2836, "start": 52.58, "end": 56.84, "text": " Y sobre todo, convi\u00e9rtete en un ejemplo de vida para aquellos que te rodean.", "tokens": [51576, 398, 5473, 5149, 11, 3754, 72, 33672, 3498, 465, 517, 13358, 368, 7644, 1690, 49835, 631, 535, 21602, 282, 13, 51789], "temperature": 0.0, "avg_logprob": -0.09610010693956922, "compression_ratio": 1.5374149659863945, "no_speech_prob": 0.00021651742281392217}, {"id": 15, "seek": 2836, "start": 57.54, "end": 58.28, "text": " \u00bfSabes qu\u00e9?", "tokens": [51824, 3841, 47556, 279, 8057, 30, 51861], "temperature": 0.0, "avg_logprob": -0.09610010693956922, "compression_ratio": 1.5374149659863945, "no_speech_prob": 0.00021651742281392217}, {"id": 16, "seek": 5836, "start": 58.62, "end": 59.54, "text": " Hoy es un buen d\u00eda.", "tokens": [50378, 28664, 785, 517, 30037, 12271, 13, 50424], "temperature": 0.0, "avg_logprob": -0.319543719291687, "compression_ratio": 0.8048780487804879, "no_speech_prob": 0.002733631758019328}, {"id": 17, "seek": 5836, "start": 60.14, "end": 60.66, "text": " \u00bfEmpezamos?", "tokens": [50454, 3841, 22285, 15144, 2151, 30, 50480], "temperature": 0.0, "avg_logprob": -0.319543719291687, "compression_ratio": 0.8048780487804879, "no_speech_prob": 0.002733631758019328}], "language": "es"}