{"text": " Hola, esto es una prueba. 1, 2, 3, 4, probando. 1, 2, 3. Adi\u00f3s.", "segments": [{"id": 0, "seek": 0, "start": 0.76, "end": 6.16, "text": " Hola, esto es una prueba. 1, 2, 3, 4, probando. 1, 2, 3.", "tokens": [50403, 22637, 11, 7433, 785, 2002, 48241, 13, 502, 11, 568, 11, 805, 11, 1017, 11, 1239, 1806, 13, 502, 11, 568, 11, 805, 13, 50673], "temperature": 0.4, "avg_logprob": -0.4119972749189897, "compression_ratio": 1.032258064516129, "no_speech_prob": 4.850605594269863e-12}, {"id": 1, "seek": 0, "start": 10.14, "end": 10.58, "text": " Adi\u00f3s.", "tokens": [50872, 1999, 7138, 82, 13, 50894], "temperature": 0.4, "avg_logprob": -0.4119972749189897, "compression_ratio": 1.032258064516129, "no_speech_prob": 4.850605594269863e-12}], "language": "es"}